{
  "entry_metrics": {
    "probability_vector": [
      0.26937800645828247,
      0.6880788142466876
    ],
    "adjusted_conviction": 0.6128472885480125,
    "information_activity_ratio": 0.2367688022284256,
    "order_flow_bocpd_probability": 0.0,
    "wasserstein_cluster_index": 2,
    "volatility_ratio": 0.2367688022284256,
    "ofi_velocity": 0.0
  },
  "exit_metrics": {
    "exit_mechanism": "TERMINAL_AMNESIA_SYNC",
    "mt5_return_code": 10009
  }
}