{
  "entry_metrics": {
    "probability_vector": [
      0.23747029900550842,
      0.48087322409222855
    ],
    "adjusted_conviction": 0.4259346107486418,
    "information_activity_ratio": 1.2138166841512414,
    "order_flow_bocpd_probability": 0.0,
    "wasserstein_cluster_index": 2,
    "volatility_ratio": 1.2138166841512414,
    "ofi_velocity": 0.0
  },
  "exit_metrics": {
    "exit_mechanism": "TERMINAL_AMNESIA_SYNC",
    "mt5_return_code": 10009
  }
}