{"is_active": true, "ticket": 1483155309, "direction": "SELL", "lot_size": 0.01, "open_price": 4094.95, "sl_price": 4104.54, "tp_prices": [4090.1549999999997, 4085.3599999999997, 4080.5649999999996, 4075.7699999999995, 4066.1799999999994], "tp_index": 0, "flip_pending": false, "floating_pnl": 0.0}