{"is_active": true, "ticket": 1488391670, "direction": "BUY", "lot_size": 0.01, "open_price": 3981.22, "sl_price": 3973.1, "tp_prices": [3985.2799999999997, 3989.3399999999997, 3997.4599999999996, 4013.6999999999994, 4046.179999999999], "tp_index": 0, "flip_pending": false, "floating_pnl": 0.0}